First_Name,Last_Name,Phone,Email,State_Province,Zip_Postal_Code,City,Address_Line_1,Address_Line_2,Address_Name,Password
Blake,Mah,6381644804,Blake.Mah@ibm.com,Miami Beach,39201,Vienna,Paseo de la Reforma 222,,Work,ppWO^A#a*!3
Marylin,Marquis,6392176496,Marylin.Marquis@ibm.com,Berlin,20121,Cocoa,1311 Long Street,,Mum & Dad's,BxN&&#qD95w!
Korbin,Merriweather,8474221952,Korbin.Merriweather@ibm.com,Henderson,32922,Cocoa,2682 Horseshoe Lane,,Work,nPC@^Vy7
Kobe,Lemay,6081039887,Kobe.Lemay@ibm.com,San Francisco,10001,Henderson,2403 Raccoon Run,,Work,$VH1f1^6VT
Ilaisaane,Twyford,4969324269,Ilaisaane.Twyford@ibm.com,Washington,34367,Saint Petersburg,2263 Dog Hill Lane,,Work,^sMx5fH*x4#m
Eder,Morell,2665714263,Eder.Morell@ibm.com,Irving,21201,St. Louis,4748 Maryland Avenue,Apt. 3C,Home,!S9#nC0!7
Kirkland,Griggs,3102543695,Kirkland.Griggs@ibm.com,Jakarta,21201,Toronto,Calle 82 #12-34,Apt. 2D,Work,H13Fx365P&
Jenita,True,2514155662,Jenita.True@ibm.com,Paris,100,Toronto,5 Place Vendôme,,Home,MW5c^Ya#NX
Moishe,Sudworth,0047860063,Moishe.Sudworth@ibm.com,Cocoa,20007,New York,Boulevard Haussmann 22,,Mum & Dad's,doX2y5@7G70H
Kristoffer,Lamontagne,8992705682,Kristoffer.Lamontagne@ibm.com,Kiev,20-016,Düsseldorf,1298 Stoney Lonesome Road,Shop #9B,Work,*v*H8l@&HQu!
Treston,Sterner,8121105961,Treston.Sterner@ibm.com,Helsinki,W1H 6HN,Rome,2-5-5 Marunouchi,Unit #9D,Work,M5$g#g&o^Y#N
Lilliam,Chowdhury,1433304738,Lilliam.Chowdhury@ibm.com,Barcelona,94110,London,Lützowplatz 17,,Mum & Dad's,1o*fc0F$xzqR
Kenard,Gamboa,5502901647,Kenard.Gamboa@ibm.com,Helsinki,10120,Bogotá,2555 California Street,Office #302,Mum & Dad's,q3825%vC
Ilea,Caples,1735672271,Ilea.Caples@ibm.com,Paris,FL 33131,New York,Rue Saint-Martin 15,,Home,^e%@wJ@5*s
Dani,Buie,0887401528,Dani.Buie@ibm.com,Lexington,60601,Henderson,650 Divisadero Street,,Work,^*G5J*PvuAyZ
Shabnam,Guyette,8485158363,Shabnam.Guyette@ibm.com,Jakarta,94108,Baltimore,1294 Nutter Street,Apartment #502Q,Work,Kg^!&d^91E6!
Sivan,Canter,6147279318,Sivan.Canter@ibm.com,Jakarta,33020,San Francisco,Avenida Carlos Gomes 1139,Unit 5B,Work,Yv!&Fz#8
Zahid,Rosenblum,0934576688,Zahid.Rosenblum@ibm.com,Irving,3142,Stockholm,1656 Lena Lane,,Home,73J@^pnU#K1
Leila,Macomber,5693190801,Leila.Macomber@ibm.com,Laredo,100-7001,Prescott,233 Wilshire Boulevard,,Mum & Dad's,O14^TBX&
Despina,Greve,0029328947,Despina.Greve@ibm.com,New York,11201,San Francisco,3352 California Street,,Home,aB!6zg6!
Missael,Lipscomb,6973495954,Missael.Lipscomb@ibm.com,Jakarta,30180-100,Memphis,4773 Nash Street,,Home,fl^600j1Z
Martha,Collis,1143952085,Martha.Collis@ibm.com,Washington,1200-108,Rome,Plac Europejski 2,,Home,@10$5Tp#P!
Smantha,Woerner,0860245400,Smantha.Woerner@ibm.com,Chicago,10001,Hollywood,Vasagatan 7,,Home,GSO*RBOo1
Briza,Bonnell,6747950776,Briza.Bonnell@ibm.com,Indian Rocks Beach,15201,Beverly Hills,14 Rue du Temple,,Mum & Dad's,P!%GN6ngq
Santiago,Oubre,0659675412,Santiago.Oubre@ibm.com,London,75009,Rio de Janeiro,1861 Maryland Avenue,,Work,20dW$Z9x3
Ruchama,Depasquale,4585917526,Ruchama.Depasquale@ibm.com,Milan,1010,Berlin,4768 Tennessee Avenue,Apt. 3D,Mum & Dad's,p*Up#Az3
Shervin,Haynie,1787488110,Shervin.Haynie@ibm.com,New York,20850,Chicago,3268 Polk Street,,Mum & Dad's,560!7m$T
Jessamyn,Sheppard,6385290543,Jessamyn.Sheppard@ibm.com,San Francisco,10012,Berlin,Rua Guajajaras 581,,Home,Fs@4*d4*LCP
Ulysses,Baltazar,1139390480,Ulysses.Baltazar@ibm.com,The Hague,21201,Washington,2981 Brannon Avenue,,Home,@6^$u94A#
Jaelon,Linklater,3608903415,Jaelon.Linklater@ibm.com,New York,1300,Toronto,Boulevard de la Villette 41,Shop #3D,Mum & Dad's,5*2J@x*jt
Margie,Salters,6654063532,Margie.Salters@ibm.com,Houston,SW1A 2AB,Kiev,Via Gregorio VII 80,,Home,yH6HFB#&9Xlf
Keisuke,Marquardt,0843479356,Keisuke.Marquardt@ibm.com,San Francisco,30180-100,Los Angeles,Rue du Faubourg Saint-Antoine 114,Shop #5A,Mum & Dad's,8s70SIWTf0#
Benedetto,Hensley,1355282806,Benedetto.Hensley@ibm.com,San Francisco,M5J 2S1,Stockholm,3171 Hillcrest Lane,,Mum & Dad's,A4zW&0R0y
Raphael,Forde,5462527323,Raphael.Forde@ibm.com,Helsinki,21201,San Francisco,134 via del Corso,Shop #12B,Home,62f3KKRd#
Malanie,Suttle,4502671518,Malanie.Suttle@ibm.com,San Francisco,M5S 2B1,New York,1732 Poplar Street,,Work,*@V!^4Z@^Rq
Adalia,Yale,5254461320,Adalia.Yale@ibm.com,New York,M5E 2A1,Bogotá,﻿1073 Elmwood Avenue,,Mum & Dad's,MtvM75sd#
Alfredo,Spray,8542540420,Alfredo.Spray@ibm.com,Kiev,75038,Toronto,61 Rue de la Chaussée d'Antin,Apt. 3C,Work,aVPy7ADi&if$
Kelle,Tsao,1766006256,Kelle.Tsao@ibm.com,Charles Town,94103,Grand Island,89 Court Street,,Home,!U60O$&Tk!
Rashell,Kelso,3896514425,Rashell.Kelso@ibm.com,San Francisco,86303,Manila,Wollzeile 4,,Work,!Y4#5o$Z#x
Kyna,Holter,9370201029,Kyna.Holter@ibm.com,New York,SW1A 2AB,Baltimore,1390 California Street,,Work,3Rf7^bk%GIE
Walt,Kastner,0895129010,Walt.Kastner@ibm.com,Jakarta,20007,Florence,2682 Horseshoe Lane,Shop #3,Mum & Dad's,#qQ&Z!A3C
Joely,Acevedo,2818085440,Joely.Acevedo@ibm.com,London,75001,Jakarta,2146 Poplar Street,,Work,Qmr%qBy4
Delmi,Warnock,1728639536,Delmi.Warnock@ibm.com,Washington,10001,Toronto,4987 Washington Avenue,,Home,c#43N1sx
Meganelizabeth,Pirtle,2840291122,Meganelizabeth.Pirtle@ibm.com,Philadelphia,53113,Pittsburgh,77 North Washington Street,,Work,v&60B3*1
Patricia,Adame,2764455366,Patricia.Adame@ibm.com,Berlin,1000,Miami,1861 Maryland Avenue,,Work,A7B2w8oN0FT@
Aryn,Tester,4216572640,Aryn.Tester@ibm.com,San Francisco,32922,Rome,2-1-1 Marunouchi,,Work,oSO&36O^
Aniyyah,Nemec,7866374979,Aniyyah.Nemec@ibm.com,Philadelphia,111 20,London,Wattstraße 11,,Home,!$!O!@^3St$*
Trever,Armijo,6045947235,Trever.Armijo@ibm.com,Bogotá,94108,Philadelphia,2972 Traction Street,,Work,B@Kp*ZUpzs&0
Alfonso,Sampson,3179091168,Alfonso.Sampson@ibm.com,Miami,19108,London,Övre HUnited Statesrgatan 3,,Home,1695ub7#U
Melvin,Andress,2387992565,Melvin.Andress@ibm.com,Paris,10018,Louisville,4763 Hilltop Drive,,Mum & Dad's,^3b#^30C$
Taiwan,Truong,7360460813,Taiwan.Truong@ibm.com,London,M5E 2A1,New York,43-45 Portman Square,Apt. 3B,Home,s&56k0*0GL8
Jakara,Markovich,0076754266,Jakara.Markovich@ibm.com,San Francisco,4101,London,Via Torino 3,,Mum & Dad's,^92&x5880R
Moeshia,Auguste,7021524302,Moeshia.Auguste@ibm.com,Miami Beach,20154,Paris,3323 Maryland Avenue,,Work,bXT!56p2
Destyn,Etheredge,0887966472,Destyn.Etheredge@ibm.com,San Francisco,SW1Y 4JS,Paris,61 Rue de la Chaussée d'Antin,Apt. 3C,Home,v#%D4LA@c#f
Raysean,Waddington,5096386327,Raysean.Waddington@ibm.com,Paris,11560,Miami Beach,4809 Benson Park Drive,,Home,5wpRc#d$6p#
Tomer,Mroz,9698604372,Tomer.Mroz@ibm.com,Louisville,27573,New York,Jl. Pemuda No. 60,,Home,AFW^Ti^5CK
Aleja,Boisvert,6635782034,Aleja.Boisvert@ibm.com,Brooklyn,39201,New York,2 Piazza di Spagna,,Work,%iYB!PC!9
Stephanny,Garr,0721904594,Stephanny.Garr@ibm.com,Saint Petersburg,1577,Rome,77 North Washington Street,,Mum & Dad's,$P$Mn2y0N
Josselyn,Ashton,4546446381,Josselyn.Ashton@ibm.com,Jackson,94108,New York,1419 Columbia Boulevard,,Home,Z3OxB@^6pt
Haille,Freels,7611549885,Haille.Freels@ibm.com,Lisbon,90033,Brussels,Rue du Faubourg Saint-Antoine 114,,Mum & Dad's,5L*ghu7!6v8W
Topacio,Wray,3161181278,Topacio.Wray@ibm.com,Portland,40769,Stockholm,Wattstraße 11,,Mum & Dad's,rV%R*$@^oc4
Salim,Heineman,2023162253,Salim.Heineman@ibm.com,Toronto,1060,Belo Horizonte,135 Rue du Faubourg Saint-Honoré,,Work,*!3&g@#@6dX2
Isauro,Neale,5009283650,Isauro.Neale@ibm.com,Baltimore,53113,Barcelona,Via Luigi Alamanni 27,Apt. 3C,Home,*rv$90*15&Y&
Latorya,Chadwell,1463448661,Latorya.Chadwell@ibm.com,Henderson,10007,Philadelphia,2397 Warner Street,Apt. 2D,Work,ogLz$gV9
Ivanna,Kiss,4640999652,Ivanna.Kiss@ibm.com,Toronto,90017,Dallas,1430 Broadway,Apt. 1A,Mum & Dad's,12$Y1&80R
Freddrick,Straka,6776087580,Freddrick.Straka@ibm.com,Rome,34367,Salem,4244 Shinn Avenue,,Work,U*1$9@q1L@!
Nunzio,Stultz,6844295522,Nunzio.Stultz@ibm.com,Helsinki,20-016,Paris,134 via del Corso,Apt. 3B,Home,P*02Hc10%$
Shantrel,Belmonte,5222469940,Shantrel.Belmonte@ibm.com,New York,1060,Paris,2848 Ridgeview Drive,,Mum & Dad's,N&^f8!RVpiyh
Shakir,Mcdougle,6507297777,Shakir.Mcdougle@ibm.com,New York,90480-003,Rome,4856 Elm Drive,Apt. 2D,Work,LMY0BEF&
Jusitn,Massingill,0228895450,Jusitn.Massingill@ibm.com,Alpena,12828,Jakarta,Carrer de la Llibertat 47,,Work,6HD2vbQ$Uzoh
Elantra,Sisneros,7282093279,Elantra.Sisneros@ibm.com,London,20007,São Paulo,153 Avenue des Champs-Élysées,,Home,2I3^8^!Q5ssR
Dionne,Cancel,5979185641,Dionne.Cancel@ibm.com,Jakarta,38103,London,345 Bloor Street East,Upper Level Room #2B,Mum & Dad's,#Oz!*kY!7
Serene,Bussard,0861770454,Serene.Bussard@ibm.com,AzUnited States,63101,Washington,Drottninggatan 68,Apt. 1A,Mum & Dad's,s9V&AXkR
Sidra,Demeza,6489231270,Sidra.Demeza@ibm.com,Miami,33139,Stockholm,410 Florida Street,,Home,xnn^2rR#dfn
Tabita,Hardesty,3163692673,Tabita.Hardesty@ibm.com,Milan,411 36,Stockholm,135 Rue du Faubourg Saint-Honoré,Basement Suite #3,Home,LF#a#7v#%05